Model,Accuracy,AUC,Precision,Recall,F1,MCC
Logistic Regression,0.8676122931442081,0.9813670520934596,0.864317930956653,0.865303411625529,0.8641130513997635,0.8455924246283468
Decision Tree,0.9361702127659575,0.9622517217207882,0.9357761666492337,0.9351265249737322,0.9351183628085612,0.9255545624822517
KNN,0.8321513002364066,0.961684388268534,0.8270480909152554,0.8291603278578314,0.81496157403054,0.8072806284801655
Naive Bayes,0.5390070921985816,0.8469317462153878,0.5502398949248833,0.5371955588871344,0.4827109069198225,0.486060560886362
Random Forest,0.9314420803782506,0.9942319699032286,0.9324772693193746,0.9309613989583934,0.9308369214421541,0.9202827603196642
XGBoost,0.9739952718676123,0.9990402293023731,0.9740201327907476,0.974256610885149,0.9740821109241278,0.9696506912883288
