Model,Accuracy,AUC,Precision,Recall,F1,MCC
Logistic Regression,0.8747044917257684,0.9833626586588231,0.8707093309856606,0.8724210108446562,0.8708276017821165,0.8538686576008837
Decision Tree,0.9148936170212766,0.948826099443833,0.9156902187543078,0.9118311810430038,0.9132570929716992,0.9007126937412168
KNN,0.8250591016548463,0.9649544263968325,0.8234956812202494,0.8186996637735555,0.8131395169193238,0.7981161912348506
Naive Bayes,0.508274231678487,0.8372161506456436,0.5207007426783209,0.5002196398748123,0.45114250169628484,0.44705480618966154
Random Forest,0.9432624113475178,0.9945631741599935,0.9460679008445484,0.9419534215100718,0.9430389039585111,0.934106861836554
XGBoost,0.9598108747044918,0.9976544069815222,0.9600343746080233,0.958167876640783,0.958724961075016,0.9531806205714931
